id,name,category,parent_polity_raw,parent_polity_normalized,umbrella_polity,ruling_house,parent_macroregion,parent_settlement,truth_layer,support_tier,is_water_valid,is_uninhabitable_exclusion,source_basis,x_v28_8,y_v28_8,x_v28_9,y_v28_9,generic_npc_role_count,named_npc_count
1,Aurora Meadows,macroregion,The Principalities,The Principalities,The Principalities,,Aurora Meadows,,reconciled_canon,v28_8_emitted,False,True,02_CANON_BASELINE/macroregions/aurora_meadows.json,1510.0,220.0,1510.0,220.0,0,1
2,Frostline Crossing,wilderness,The Principalities,The Principalities,The Principalities,,Aurora Meadows,,,v28_8_emitted,False,True,02_CANON_BASELINE/wilderness_points/frostline_crossing.json,1540.0,205.0,1540.0,205.0,0,1
3,Hollow Veil Shelter,wilderness,The Principalities,The Principalities,The Principalities,,Aurora Meadows,,,v28_8_emitted,False,True,02_CANON_BASELINE/wilderness_points/hollow_veil_shelter.json,1465.0,210.0,1465.0,210.0,0,1
4,Brineland,macroregion,The Principalities,The Principalities,The Principalities,,Brineland,,reconciled_canon,v28_8_emitted,True,False,02_CANON_BASELINE/macroregions/brineland.json,1600.0,545.0,1600.0,545.0,0,1
5,Cosmoria,settlement,House Cosmouth,Principality of Cosmouth,The Principalities,House Cosmouth,,Cosmoria,direct_canon,v28_8_emitted,True,False,02_CANON_BASELINE/settlements/cosmoria.json,1740.0,700.0,1740.0,700.0,8,14
6,Cosmouth Archives and Treasury,site,House Cosmouth,Principality of Cosmouth,The Principalities,House Cosmouth,,Cosmoria,conservative_inference,v28_8_emitted,True,False,03_LOCALITY_ENGINE/site_packets/cosmoria_cosmouth_archives_and_treasury.json,1722.0,706.0,1722.0,706.0,0,1
7,Grand Shipwright Tier,site,House Cosmouth,Principality of Cosmouth,The Principalities,House Cosmouth,,Cosmoria,conservative_inference,v28_8_emitted,True,False,03_LOCALITY_ENGINE/site_packets/cosmoria_grand_shipwright_tier.json,1752.0,714.0,1752.0,714.0,0,0
8,Harbor Ledger Docks,site,House Cosmouth,Principality of Cosmouth,The Principalities,House Cosmouth,,Cosmoria,conservative_inference,v28_8_emitted,True,False,03_LOCALITY_ENGINE/site_packets/cosmoria_harbor_ledger_docks.json,1732.0,722.0,1732.0,722.0,0,0
9,Deep Forest,macroregion,The Principalities,The Principalities,The Principalities,,Deep Forest,,reconciled_canon,v28_8_emitted,False,False,02_CANON_BASELINE/macroregions/deep_forest.json,1470.0,740.0,1470.0,740.0,0,1
10,Emberforge Outpost,settlement,Principality of Shelk,Principality of Shelk,The Principalities,House Shelk,,Emberforge Outpost,direct_canon,v28_8_emitted,False,False,02_CANON_BASELINE/settlements/emberforge_outpost.json,1590.0,300.0,1590.0,300.0,2,4
11,Eternal Lands,macroregion,Soreheim Alliance,Soreheim Alliance,Soreheim Alliance,,Eternal Lands,,reconciled_canon,v28_8_emitted,False,False,02_CANON_BASELINE/macroregions/eternal_lands.json,405.0,255.0,405.0,255.0,0,1
12,Ashforge Quarry,settlement,Soreheim Alliance,Soreheim Alliance,Soreheim Alliance,,Eternal Lands,Ashforge Quarry,reconciled_canon,v28_8_emitted,False,False,02_CANON_BASELINE/settlements/ashforge_quarry.json,500.0,300.0,500.0,300.0,0,12
13,Embervale Settlement,settlement,Soreheim Alliance,Soreheim Alliance,Soreheim Alliance,,Eternal Lands,Embervale Settlement,reconciled_canon,v28_8_emitted,False,False,02_CANON_BASELINE/settlements/embervale_settlement.json,555.0,255.0,555.0,255.0,0,8
14,Fairhaven,settlement,Principality of Shelk,Principality of Shelk,The Principalities,House Shelk,,Fairhaven,direct_canon,v28_8_emitted,False,False,02_CANON_BASELINE/settlements/fairhaven.json,1296.0,520.0,1296.0,520.0,7,10
15,Fairhaven Chapel,site,Principality of Shelk,Principality of Shelk,The Principalities,House Shelk,,Fairhaven,conservative_inference,v28_8_emitted,False,False,03_LOCALITY_ENGINE/site_packets/fairhaven_fairhaven_chapel.json,1316.0,530.0,1316.0,530.0,0,0
16,Sunflower Market,site,Principality of Shelk,Principality of Shelk,The Principalities,House Shelk,,Fairhaven,conservative_inference,v28_8_emitted,False,False,03_LOCALITY_ENGINE/site_packets/fairhaven_sunflower_market.json,1298.0,536.0,1298.0,536.0,0,0
17,The Gilded Plough Inn,site,Principality of Shelk,Principality of Shelk,The Principalities,House Shelk,,Fairhaven,conservative_inference,v28_8_emitted,False,False,03_LOCALITY_ENGINE/site_packets/fairhaven_the_gilded_plough_inn.json,1312.0,548.0,1312.0,548.0,0,0
18,Frozen Quagmires,macroregion,The Principalities,The Principalities,The Principalities,,Frozen Quagmires,,reconciled_canon,v28_8_emitted,False,True,02_CANON_BASELINE/macroregions/frozen_quagmires.json,1480.0,255.0,1480.0,255.0,0,1
19,Blueglass Exposure Field,wilderness,The Principalities,The Principalities,The Principalities,,Frozen Quagmires,,,v28_8_emitted,False,True,02_CANON_BASELINE/wilderness_points/blueglass_exposure_field.json,1570.0,185.0,1570.0,185.0,0,1
20,Frozen Sentinel Pillars,wilderness,The Principalities,The Principalities,The Principalities,,Frozen Quagmires,,,v28_8_emitted,False,True,02_CANON_BASELINE/wilderness_points/frozen_sentinel_pillars.json,1450.0,180.0,1450.0,180.0,0,1
21,Glacial Fissures,wilderness,The Principalities,The Principalities,The Principalities,,Frozen Quagmires,,,v28_8_emitted,False,True,02_CANON_BASELINE/wilderness_points/glacial_fissures.json,1485.0,272.0,1485.0,272.0,0,1
22,Meadow of Lyra,macroregion,Principality of Shelk,Principality of Shelk,The Principalities,House Shelk,Meadow of Lyra,,reconciled_canon,v28_8_emitted,False,False,02_CANON_BASELINE/macroregions/meadow_of_lyra.json,1388.0,574.0,1388.0,574.0,0,1
23,Stargazing Ruins,wilderness,Principality of Shelk,Principality of Shelk,The Principalities,House Shelk,Meadow of Lyra,,,v28_8_emitted,False,False,02_CANON_BASELINE/wilderness_points/stargazing_ruins.json,1374.0,566.0,1374.0,566.0,0,0
24,Stone Dais of Lyra,wilderness,Principality of Shelk,Principality of Shelk,The Principalities,House Shelk,Meadow of Lyra,,,v28_8_emitted,False,False,02_CANON_BASELINE/wilderness_points/stone_dais_of_lyra.json,1386.0,558.0,1386.0,558.0,0,0
25,Mimolot Academy,sublocation,House Mimolot,Principality of Mimolot,The Principalities,House Mimolot,,,direct_canon,v28_8_emitted,False,False,02_CANON_BASELINE/sublocations/mimolot_academy.json,1490.0,690.0,1490.0,690.0,7,9
26,Apprentice Copyhouse,site,House Mimolot,Principality of Mimolot,The Principalities,House Mimolot,,Mimolot Academy,conservative_inference,v28_8_emitted,False,False,03_LOCALITY_ENGINE/site_packets/mimolot_academy_apprentice_copyhouse.json,1498.0,720.0,1498.0,720.0,0,0
27,Great Lecture Hall,site,House Mimolot,Principality of Mimolot,The Principalities,House Mimolot,,Mimolot Academy,conservative_inference,v28_8_emitted,False,False,03_LOCALITY_ENGINE/site_packets/mimolot_academy_great_lecture_hall.json,1495.0,707.0,1495.0,707.0,0,0
28,Tariff Library Annex,site,House Mimolot,Principality of Mimolot,The Principalities,House Mimolot,,Mimolot Academy,conservative_inference,v28_8_emitted,False,False,03_LOCALITY_ENGINE/site_packets/mimolot_academy_tariff_library_annex.json,1491.0,737.0,1491.0,736.0,0,0
29,Panim Haven,settlement,House Panim,Principality of Panim,The Principalities,House Panim,,Panim Haven,direct_canon,v28_8_emitted,False,False,02_CANON_BASELINE/settlements/panim_haven.json,1670.0,456.0,1670.0,456.0,7,13
30,Coffin Appraisal Court,site,House Panim,Principality of Panim,The Principalities,House Panim,,Panim Haven,conservative_inference,v28_8_emitted,False,False,03_LOCALITY_ENGINE/site_packets/panim_haven_coffin_appraisal_court.json,1684.0,468.0,1684.0,468.0,0,0
31,Offering Wharf,site,House Panim,Principality of Panim,The Principalities,House Panim,,Panim Haven,conservative_inference,v28_8_emitted,False,False,03_LOCALITY_ENGINE/site_packets/panim_haven_offering_wharf.json,1674.0,472.0,1674.0,472.0,0,0
32,Panim Afterlife Registry,site,House Panim,Principality of Panim,The Principalities,House Panim,,Panim Haven,conservative_inference,v28_8_emitted,False,False,03_LOCALITY_ENGINE/site_packets/panim_haven_panim_afterlife_registry.json,1680.0,453.0,1680.0,453.0,0,1
33,Plume’s End Outpost,settlement,Principality of Shelk,Principality of Shelk,The Principalities,House Shelk,,Plume’s End Outpost,direct_canon,v28_8_emitted,False,False,02_CANON_BASELINE/settlements/plume_s_end_outpost.json,1415.0,320.0,1415.0,320.0,2,4
34,Ashforge Citadel,settlement,Psanan,Psanan,Psanan,,,Ashforge Citadel,direct_canon,v28_8_emitted,False,False,02_CANON_BASELINE/settlements/ashforge_citadel.json,835.0,750.0,825.0,755.0,6,9
35,Forge Dedication Hall,site,Psanan,Psanan,Psanan,,,Ashforge Citadel,conservative_inference,v28_8_emitted,False,False,03_LOCALITY_ENGINE/site_packets/ashforge_citadel_forge_dedication_hall.json,828.0,746.0,822.0,750.0,0,0
36,Great House Court,site,Psanan,Psanan,Psanan,,,Ashforge Citadel,conservative_inference,v28_8_emitted,False,False,03_LOCALITY_ENGINE/site_packets/ashforge_citadel_great_house_court.json,840.0,742.0,822.0,750.0,0,0
37,Rebuilding Oath Court,site,Psanan,Psanan,Psanan,,,Ashforge Citadel,conservative_inference,v28_8_emitted,False,False,03_LOCALITY_ENGINE/site_packets/ashforge_citadel_rebuilding_oath_court.json,837.0,759.0,826.0,759.0,0,0
38,Threshold Hall of Ashforge,site,Psanan,Psanan,Psanan,,,Ashforge Citadel,,v28_8_emitted,False,False,03_LOCALITY_ENGINE/site_packets/threshold_hall_of_ashforge.json,846.0,758.0,830.0,763.0,0,0
39,Ash-Wing Mosaic Way,wilderness,Psanan,Psanan,Psanan,,,Ashforge Citadel,,v28_8_emitted,False,False,02_CANON_BASELINE/wilderness_points/ash_wing_mosaic_way.json,820.0,752.0,820.0,752.0,0,1
40,Cindervow Quarter,settlement,Psanan,Psanan,Psanan,,,Cindervow Quarter,conservative_inference,v28_8_emitted,False,False,02_CANON_BASELINE/settlements/cindervow_quarter.json,874.0,830.0,854.0,814.0,0,5
41,Emberhollow Forge Town,settlement,Psanan,Psanan,Psanan,,,Emberhollow Forge Town,conservative_inference,v28_8_emitted,False,False,02_CANON_BASELINE/settlements/emberhollow_forge_town.json,800.0,835.0,800.0,835.0,0,5
42,Maskscar Plaza District,settlement,Psanan,Psanan,Psanan,,,Maskscar Plaza District,conservative_inference,v28_8_emitted,False,False,02_CANON_BASELINE/settlements/maskscar_plaza_district.json,850.0,785.0,850.0,794.0,0,4
43,Scarlet Descent Gate,settlement,Psanan,Psanan,Psanan,,,Scarlet Descent Gate,conservative_inference,v28_8_emitted,False,False,02_CANON_BASELINE/settlements/scarlet_descent_gate.json,780.0,815.0,780.0,815.0,0,4
44,Renewal Plaza of Masks,wilderness,Psanan,Psanan,Psanan,,,Maskscar Plaza District,,v28_8_emitted,False,False,02_CANON_BASELINE/wilderness_points/renewal_plaza_of_masks.json,852.0,800.0,852.0,800.0,0,1
45,Scarlet Depths,wilderness,Psanan,Psanan,Psanan,,,,,v28_8_emitted,False,False,02_CANON_BASELINE/wilderness_points/scarlet_depths.json,835.0,860.0,834.0,847.0,0,1
46,Vow Court Terrace,wilderness,Psanan,Psanan,Psanan,,,Cindervow Quarter,,v28_8_emitted,False,False,02_CANON_BASELINE/wilderness_points/vow_court_terrace.json,870.0,782.0,855.0,796.0,0,0
47,Ashwake Port,settlement,Psanan,Psanan,Psanan,,,Ashwake Port,conservative_inference,v28_8_emitted,False,False,02_CANON_BASELINE/settlements/ashwake_port.json,915.0,790.0,857.0,800.0,4,7
48,Coal Quay,site,Psanan,Psanan,Psanan,,,Ashwake Port,conservative_inference,v28_8_emitted,False,False,03_LOCALITY_ENGINE/site_packets/ashwake_port_coal_quay.json,920.0,803.0,857.0,802.0,0,0
49,Departure Shrine,site,Psanan,Psanan,Psanan,,,Ashwake Port,conservative_inference,v28_8_emitted,False,False,03_LOCALITY_ENGINE/site_packets/ashwake_port_departure_shrine.json,906.0,818.0,855.0,812.0,0,0
50,Harbor Ember Gate,site,Psanan,Psanan,Psanan,,,Ashwake Port,conservative_inference,v28_8_emitted,False,False,03_LOCALITY_ENGINE/site_packets/ashwake_port_harbor_ember_gate.json,903.0,793.0,857.0,800.0,0,0
51,Ithtananalor,settlement,Principality of Roaz,Principality of Roaz,The Principalities,House Roaz,,Ithtananalor,direct_canon,v28_8_emitted,False,False,02_CANON_BASELINE/settlements/ithtananalor.json,1180.0,365.0,1180.0,365.0,6,13
52,Silent Haven,settlement,Principality of Roaz,Principality of Roaz,The Principalities,House Roaz,,Silent Haven,reconciled_canon,v28_8_emitted,False,False,02_CANON_BASELINE/settlements/silent_haven.json,1230.0,390.0,1230.0,390.0,1,3
53,Ironhold Quarry,sublocation,Principality of Roaz,Principality of Roaz,The Principalities,House Roaz,,,direct_canon,v28_8_emitted,False,False,02_CANON_BASELINE/sublocations/ironhold_quarry.json,1270.0,410.0,1270.0,410.0,2,4
54,Clockwork Spire,site,Principality of Roaz,Principality of Roaz,The Principalities,House Roaz,,Ithtananalor,conservative_inference,v28_8_emitted,False,False,03_LOCALITY_ENGINE/site_packets/ithtananalor_clockwork_spire.json,1185.0,380.0,1185.0,380.0,0,0
55,Ironclad Bastion,site,Principality of Roaz,Principality of Roaz,The Principalities,House Roaz,,Ithtananalor,conservative_inference,v28_8_emitted,False,False,03_LOCALITY_ENGINE/site_packets/ithtananalor_ironclad_bastion.json,1224.0,405.0,1224.0,405.0,0,0
56,Magistrates’ Tribunal,site,Principality of Roaz,Principality of Roaz,The Principalities,House Roaz,,Ithtananalor,conservative_inference,v28_8_emitted,False,False,03_LOCALITY_ENGINE/site_packets/ithtananalor_magistrates_tribunal.json,1256.0,417.0,1256.0,417.0,0,0
57,Edict Ocean,macroregion,Sheresh Communes,Sheresh Communes,Sheresh Communes,,Edict Ocean,,reconciled_canon,v28_8_emitted,True,False,02_CANON_BASELINE/macroregions/edict_ocean.json,960.0,250.0,960.0,250.0,0,1
58,North Swirling Sea,macroregion,Between Roaz and Sheresh,Between Roaz and Sheresh,Between Roaz and Sheresh,,North Swirling Sea,,reconciled_canon,v28_8_emitted,True,False,02_CANON_BASELINE/macroregions/north_swirling_sea.json,970.0,420.0,970.0,420.0,0,1
59,South Swirling Sea,macroregion,South sea system,South sea system,South sea system,,South Swirling Sea,,reconciled_canon,v28_8_emitted,True,False,02_CANON_BASELINE/macroregions/south_swirling_sea.json,900.0,620.0,900.0,620.0,0,0
60,Shelkopolis,settlement,Principality of Shelk,Principality of Shelk,The Principalities,House Shelk,,Shelkopolis,direct_canon,v28_8_emitted,False,False,02_CANON_BASELINE/settlements/shelkopolis.json,1470.0,392.0,1470.0,392.0,6,15
61,Aurora Heights District,district,Principality of Shelk,Principality of Shelk,The Principalities,House Shelk,,Shelkopolis,,v28_8_emitted,False,False,02_CANON_BASELINE/districts/aurora_heights_district.json,1485.0,425.0,1485.0,425.0,0,9
62,Ironspool Ward District,district,Principality of Shelk,Principality of Shelk,The Principalities,House Shelk,,Shelkopolis,,v28_8_emitted,False,False,02_CANON_BASELINE/districts/ironspool_ward_district.json,1507.0,402.0,1507.0,402.0,2,5
63,Verdant Row District,district,Principality of Shelk,Principality of Shelk,The Principalities,House Shelk,,Shelkopolis,,v28_8_emitted,False,False,02_CANON_BASELINE/districts/verdant_row_district.json,1450.0,418.0,1450.0,418.0,0,6
64,Amber Fountain Inn,sublocation,Principality of Shelk,Principality of Shelk,The Principalities,House Shelk,,Shelkopolis,reconciled_canon,v28_8_emitted,False,False,02_CANON_BASELINE/sublocations/amber_fountain_inn.json,1490.0,370.0,1490.0,370.0,0,2
65,Aurora Light Cathedral,sublocation,Principality of Shelk,Principality of Shelk,The Principalities,House Shelk,,Shelkopolis,direct_canon,v28_8_emitted,False,False,02_CANON_BASELINE/sublocations/aurora_light_cathedral.json,1473.0,403.0,1473.0,403.0,0,3
66,Blooming Brazier Workshop,sublocation,Principality of Shelk,Principality of Shelk,The Principalities,House Shelk,,Shelkopolis,reconciled_canon,v28_8_emitted,False,False,02_CANON_BASELINE/sublocations/blooming_brazier_workshop.json,1479.0,436.0,1479.0,436.0,0,2
67,Crystal Loom Emporium,sublocation,Principality of Shelk,Principality of Shelk,The Principalities,House Shelk,,Shelkopolis,direct_canon,v28_8_emitted,False,False,02_CANON_BASELINE/sublocations/crystal_loom_emporium.json,1495.0,407.0,1495.0,407.0,0,2
68,Gilded Archives of Lore,sublocation,Principality of Shelk,Principality of Shelk,The Principalities,House Shelk,,Shelkopolis,direct_canon,v28_8_emitted,False,False,02_CANON_BASELINE/sublocations/gilded_archives_of_lore.json,1456.0,428.0,1456.0,428.0,0,2
69,Golden Needle Academy,sublocation,Principality of Shelk,Principality of Shelk,The Principalities,House Shelk,,Shelkopolis,reconciled_canon,v28_8_emitted,False,False,02_CANON_BASELINE/sublocations/golden_needle_academy.json,1482.0,360.0,1482.0,360.0,0,2
70,House of Shelk Estate,sublocation,Principality of Shelk,Principality of Shelk,The Principalities,House Shelk,,Shelkopolis,direct_canon,v28_8_emitted,False,False,02_CANON_BASELINE/sublocations/house_of_shelk_estate.json,1465.0,403.0,1465.0,403.0,0,3
71,Iron Ward Workshop,sublocation,Principality of Shelk,Principality of Shelk,The Principalities,House Shelk,,Shelkopolis,reconciled_canon,v28_8_emitted,False,False,02_CANON_BASELINE/sublocations/iron_ward_workshop.json,1472.0,425.0,1472.0,425.0,0,2
72,Market Row Guildhall,sublocation,Principality of Shelk,Principality of Shelk,The Principalities,House Shelk,,Shelkopolis,direct_canon,v28_8_emitted,False,False,02_CANON_BASELINE/sublocations/market_row_guildhall.json,1497.0,394.0,1497.0,394.0,0,2
73,Roadwardens’ Central Command,sublocation,Principality of Shelk,Principality of Shelk,The Principalities,House Shelk,,Shelkopolis,direct_canon,v28_8_emitted,False,False,02_CANON_BASELINE/sublocations/roadwardens_central_command.json,1445.0,426.0,1445.0,426.0,0,3
74,Sanctuary of Shadows,sublocation,Principality of Shelk,Principality of Shelk,The Principalities,House Shelk,,Shelkopolis,reconciled_canon,v28_8_emitted,False,False,02_CANON_BASELINE/sublocations/sanctuary_of_shadows.json,1495.0,360.0,1495.0,360.0,0,2
75,Shelkopolis Public Library,sublocation,Principality of Shelk,Principality of Shelk,The Principalities,House Shelk,,Shelkopolis,reconciled_canon,v28_8_emitted,False,False,02_CANON_BASELINE/sublocations/shelkopolis_public_library.json,1481.0,393.0,1481.0,393.0,0,2
76,Shifting Needle Market,sublocation,Principality of Shelk,Principality of Shelk,The Principalities,House Shelk,,Shelkopolis,reconciled_canon,v28_8_emitted,False,False,02_CANON_BASELINE/sublocations/shifting_needle_market.json,1493.0,433.0,1493.0,433.0,0,2
77,Silkweaver’s Chapel,sublocation,Principality of Shelk,Principality of Shelk,The Principalities,House Shelk,,Shelkopolis,reconciled_canon,v28_8_emitted,False,False,02_CANON_BASELINE/sublocations/silkweaver_s_chapel.json,1507.0,414.0,1504.0,414.0,0,2
78,Stoneforge Depot,sublocation,Principality of Shelk,Principality of Shelk,The Principalities,House Shelk,,Shelkopolis,reconciled_canon,v28_8_emitted,False,False,02_CANON_BASELINE/sublocations/stoneforge_depot.json,1444.0,435.0,1444.0,435.0,0,2
79,Sunlit Plaza,sublocation,Principality of Shelk,Principality of Shelk,The Principalities,House Shelk,,Shelkopolis,reconciled_canon,v28_8_emitted,False,False,02_CANON_BASELINE/sublocations/sunlit_plaza.json,1501.0,372.0,1501.0,372.0,0,1
80,The Rusted Loom Tavern,sublocation,Principality of Shelk,Principality of Shelk,The Principalities,House Shelk,,Shelkopolis,reconciled_canon,v28_8_emitted,False,False,02_CANON_BASELINE/sublocations/the_rusted_loom_tavern.json,1459.0,386.0,1459.0,386.0,0,2
81,The Silver Stag Tavern,sublocation,Principality of Shelk,Principality of Shelk,The Principalities,House Shelk,,Shelkopolis,reconciled_canon,v28_8_emitted,False,False,02_CANON_BASELINE/sublocations/the_silver_stag_tavern.json,1487.0,413.0,1487.0,413.0,0,2
82,The Starlit Forge,sublocation,Principality of Shelk,Principality of Shelk,The Principalities,House Shelk,,Shelkopolis,reconciled_canon,v28_8_emitted,False,False,02_CANON_BASELINE/sublocations/the_starlit_forge.json,1510.0,391.0,1510.0,391.0,0,2
83,The Tattered Banner,sublocation,Principality of Shelk,Principality of Shelk,The Principalities,House Shelk,,Shelkopolis,reconciled_canon,v28_8_emitted,False,False,02_CANON_BASELINE/sublocations/the_tattered_banner.json,1461.0,419.0,1461.0,419.0,0,2
84,The Whispering Well,sublocation,Principality of Shelk,Principality of Shelk,The Principalities,House Shelk,,Shelkopolis,reconciled_canon,v28_8_emitted,False,False,02_CANON_BASELINE/sublocations/the_whispering_well.json,1491.0,382.0,1491.0,382.0,0,1
85,Threads of Twilight Market,sublocation,Principality of Shelk,Principality of Shelk,The Principalities,House Shelk,,Shelkopolis,reconciled_canon,v28_8_emitted,False,False,02_CANON_BASELINE/sublocations/threads_of_twilight_market.json,1471.0,380.0,1471.0,380.0,0,2
86,Twilight Threadmill,sublocation,Principality of Shelk,Principality of Shelk,The Principalities,House Shelk,,Shelkopolis,reconciled_canon,v28_8_emitted,False,False,02_CANON_BASELINE/sublocations/twilight_threadmill.json,1496.0,424.0,1496.0,424.0,0,1
87,Velvet Pinnacle Hall,sublocation,Principality of Shelk,Principality of Shelk,The Principalities,House Shelk,,Shelkopolis,direct_canon,v28_8_emitted,False,False,02_CANON_BASELINE/sublocations/velvet_pinnacle_hall.json,1503.0,384.0,1503.0,384.0,0,2
88,Verdant Alchemy,sublocation,Principality of Shelk,Principality of Shelk,The Principalities,House Shelk,,Shelkopolis,reconciled_canon,v28_8_emitted,False,False,02_CANON_BASELINE/sublocations/verdant_alchemy.json,1454.0,437.0,1454.0,437.0,0,1
89,Aurora Crown Commune,settlement,Sheresh Communes,Sheresh Communes,Sheresh Communes,,,Aurora Crown Commune,conservative_inference,v28_8_emitted,False,False,02_CANON_BASELINE/settlements/aurora_crown_commune.json,1548.0,150.0,1548.0,150.0,6,10
90,Aurora Observation Deck,site,Sheresh Communes,Sheresh Communes,Sheresh Communes,,,Aurora Crown Commune,conservative_inference,v28_8_emitted,False,False,03_LOCALITY_ENGINE/site_packets/aurora_crown_commune_aurora_observation_deck.json,1518.0,175.0,1518.0,175.0,0,0
91,Containment Workshop,site,Sheresh Communes,Sheresh Communes,Sheresh Communes,,,Aurora Crown Commune,conservative_inference,v28_8_emitted,False,False,03_LOCALITY_ENGINE/site_packets/aurora_crown_commune_containment_workshop.json,1553.0,165.0,1553.0,165.0,0,0
92,Dome Steward Hall,site,Sheresh Communes,Sheresh Communes,Sheresh Communes,,,Aurora Crown Commune,conservative_inference,v28_8_emitted,False,False,03_LOCALITY_ENGINE/site_packets/aurora_crown_commune_dome_steward_hall.json,1512.0,190.0,1512.0,190.0,0,0
93,Crystalline Vault,wilderness,Sheresh Communes,Sheresh Communes,Sheresh Communes,,,,,v28_8_emitted,False,False,02_CANON_BASELINE/wilderness_points/crystalline_vault.json,1543.0,165.0,1543.0,165.0,0,1
94,Glasswake Commune,settlement,Sheresh Communes,Sheresh Communes,Sheresh Communes,,,Glasswake Commune,conservative_inference,v28_8_emitted,False,False,02_CANON_BASELINE/settlements/glasswake_commune.json,1600.0,165.0,1600.0,165.0,0,5
95,Starbreak Commune,settlement,Sheresh Communes,Sheresh Communes,Sheresh Communes,,,Starbreak Commune,conservative_inference,v28_8_emitted,False,False,02_CANON_BASELINE/settlements/starbreak_commune.json,1580.0,205.0,1580.0,205.0,0,5
96,Whitebridge Commune,settlement,Sheresh Communes,Sheresh Communes,Sheresh Communes,,,Whitebridge Commune,conservative_inference,v28_8_emitted,False,False,02_CANON_BASELINE/settlements/whitebridge_commune.json,1630.0,195.0,1630.0,195.0,0,5
97,Hearthcoil Commune,settlement,Sheresh Communes,Sheresh Communes,Sheresh Communes,,,Hearthcoil Commune,conservative_inference,v28_8_emitted,False,False,02_CANON_BASELINE/settlements/hearthcoil_commune.json,1390.0,185.0,1390.0,185.0,0,5
98,Shirshal,sublocation,House Shirsh,Principality of Shirsh,The Principalities,House Shirsh,,,direct_canon,v28_8_emitted,False,False,02_CANON_BASELINE/sublocations/shirshal.json,1085.0,500.0,1085.0,500.0,7,9
99,Evidence Vault,site,House Shirsh,Principality of Shirsh,The Principalities,House Shirsh,,Shirshal,conservative_inference,v28_8_emitted,False,False,03_LOCALITY_ENGINE/site_packets/shirshal_evidence_vault.json,1125.0,470.0,1125.0,470.0,0,0
100,Magi Magistratus Hall,site,House Shirsh,Principality of Shirsh,The Principalities,House Shirsh,,Shirshal,conservative_inference,v28_8_emitted,False,False,03_LOCALITY_ENGINE/site_packets/shirshal_magi_magistratus_hall.json,1154.0,446.0,1154.0,446.0,0,0
101,Witness Court,site,House Shirsh,Principality of Shirsh,The Principalities,House Shirsh,,Shirshal,conservative_inference,v28_8_emitted,False,False,03_LOCALITY_ENGINE/site_packets/shirshal_witness_court.json,1089.0,513.0,1089.0,513.0,0,0
102,Soreheim Proper,settlement,Soreheim Alliance,Soreheim Alliance,Soreheim Alliance,,Soreheim Proper,Soreheim Proper,reconciled_canon,v28_8_emitted,False,False,02_CANON_BASELINE/settlements/soreheim_proper.json,205.0,300.0,205.0,300.0,6,14
103,Sanctuary of Wisdom,site,Soreheim Alliance,Soreheim Alliance,Soreheim Alliance,,Soreheim Proper,Soreheim Proper,conservative_inference,v28_8_emitted,False,False,03_LOCALITY_ENGINE/site_packets/soreheim_proper_sanctuary_of_wisdom.json,235.0,285.0,235.0,285.0,0,0
104,Sparkforge Depot,site,Soreheim Alliance,Soreheim Alliance,Soreheim Alliance,,Soreheim Proper,Soreheim Proper,conservative_inference,v28_8_emitted,False,False,03_LOCALITY_ENGINE/site_packets/soreheim_proper_sparkforge_depot.json,235.0,320.0,235.0,320.0,0,0
105,Titan Council Dais,site,Soreheim Alliance,Soreheim Alliance,Soreheim Alliance,,Soreheim Proper,Soreheim Proper,conservative_inference,v28_8_emitted,False,False,03_LOCALITY_ENGINE/site_packets/soreheim_proper_titan_council_dais.json,190.0,325.0,190.0,325.0,0,0
106,Union Successor Heartland,macroregion,The Principalities,The Principalities,The Principalities,,Union Successor Heartland,,conservative_inference,v28_8_emitted,False,False,02_CANON_BASELINE/macroregions/union_successor_heartland.json,1300.0,710.0,1300.0,710.0,0,1
107,Craftspire,settlement,The Union,The Union,The Principalities,,,Craftspire,direct_canon,v28_8_emitted,False,False,02_CANON_BASELINE/settlements/craftspire.json,1365.0,680.0,1365.0,680.0,0,2
108,Guildheart Hub,settlement,The Union,The Union,The Principalities,,,Guildheart Hub,direct_canon,v28_8_emitted,False,False,02_CANON_BASELINE/settlements/guildheart_hub.json,1425.0,735.0,1425.0,735.0,6,9
109,Market Crossroads,settlement,The Union,The Union,The Principalities,,,Market Crossroads,direct_canon,v28_8_emitted,False,False,02_CANON_BASELINE/settlements/market_crossroads.json,1306.0,729.0,1306.0,729.0,0,3
110,Unity Square,settlement,The Union,The Union,The Principalities,,,Unity Square,direct_canon,v28_8_emitted,False,False,02_CANON_BASELINE/settlements/unity_square.json,1369.0,700.0,1369.0,700.0,0,3
111,Freight Seal Exchange,site,The Union,The Union,The Principalities,,,Guildheart Hub,conservative_inference,v28_8_emitted,False,False,03_LOCALITY_ENGINE/site_packets/guildheart_hub_freight_seal_exchange.json,1407.0,744.0,1407.0,744.0,0,0
112,Guild Notice Court,site,The Union,The Union,The Principalities,,,Guildheart Hub,conservative_inference,v28_8_emitted,False,False,03_LOCALITY_ENGINE/site_packets/guildheart_hub_guild_notice_court.json,1294.0,729.0,1294.0,729.0,0,0
113,Union Trade Arbitration Hall,site,The Union,The Union,The Principalities,,,Guildheart Hub,conservative_inference,v28_8_emitted,False,False,03_LOCALITY_ENGINE/site_packets/guildheart_hub_union_trade_arbitration_hall.json,1358.0,661.0,1358.0,661.0,0,0
114,Eternal Lands,macroregion,Soreheim Alliance,Soreheim Alliance,Soreheim Alliance,,Eternal Lands,,reconciled_canon,v28_8_emitted,False,False,02_CANON_BASELINE/macroregions/eternal_lands.json,346.0,727.0,346.0,727.0,0,0
115,Duneshade Outpost,settlement,Soreheim Alliance,Soreheim Alliance,Soreheim Alliance,,Eternal Lands,Duneshade Outpost,reconciled_canon,v28_8_emitted,False,False,02_CANON_BASELINE/settlements/duneshade_outpost.json,485.0,720.0,485.0,720.0,0,10
116,Harvest Circle,settlement,Soreheim Alliance,Soreheim Alliance,Soreheim Alliance,,Eternal Lands,Harvest Circle,reconciled_canon,v28_8_emitted,False,False,02_CANON_BASELINE/settlements/harvest_circle.json,610.0,680.0,610.0,680.0,0,11
117,Sunspire Haven,settlement,Soreheim Alliance,Soreheim Alliance,Soreheim Alliance,,Eternal Lands,Sunspire Haven,reconciled_canon,v28_8_emitted,False,False,02_CANON_BASELINE/settlements/sunspire_haven.json,361.0,711.0,361.0,711.0,4,12
118,Artisan Crosshall,site,Soreheim Alliance,Soreheim Alliance,Soreheim Alliance,,Eternal Lands,Sunspire Haven,conservative_inference,v28_8_emitted,False,False,03_LOCALITY_ENGINE/site_packets/sunspire_haven_artisan_crosshall.json,474.0,746.0,474.0,746.0,0,0
119,Field Logistics Yard,site,Soreheim Alliance,Soreheim Alliance,Soreheim Alliance,,Eternal Lands,Sunspire Haven,conservative_inference,v28_8_emitted,False,False,03_LOCALITY_ENGINE/site_packets/sunspire_haven_field_logistics_yard.json,585.0,693.0,585.0,693.0,0,0
120,Hearth of Unity,site,Soreheim Alliance,Soreheim Alliance,Soreheim Alliance,,Eternal Lands,Sunspire Haven,conservative_inference,v28_8_emitted,False,False,03_LOCALITY_ENGINE/site_packets/sunspire_haven_hearth_of_unity.json,369.0,736.0,369.0,736.0,0,0
121,Verdant Caves,macroregion,The Principalities,The Principalities,The Principalities,,Verdant Caves,,reconciled_canon,v28_8_emitted,False,False,02_CANON_BASELINE/macroregions/verdant_caves.json,1380.0,760.0,1380.0,752.0,0,0
122,Glyph-Engraved Monoliths,wilderness,The Principalities,The Principalities,The Principalities,,Verdant Caves,,,v28_8_emitted,False,False,02_CANON_BASELINE/wilderness_points/glyph_engraved_monoliths.json,1405.0,742.0,1405.0,742.0,0,1
123,Mystical Flora Grove,wilderness,The Principalities,The Principalities,The Principalities,,Verdant Caves,,,v28_8_emitted,False,False,02_CANON_BASELINE/wilderness_points/mystical_flora_grove.json,1374.0,780.0,1374.0,752.0,0,1
124,Whispering Dunes,macroregion,The Principalities,The Principalities,The Principalities,,Whispering Dunes,,reconciled_canon,v28_8_emitted,False,False,02_CANON_BASELINE/macroregions/whispering_dunes.json,1235.0,560.0,1235.0,560.0,0,0
125,Merchant Trail Junction,wilderness,The Principalities,The Principalities,The Principalities,,Whispering Dunes,,,v28_8_emitted,False,False,02_CANON_BASELINE/wilderness_points/merchant_trail_junction.json,1260.0,546.0,1260.0,546.0,0,1
126,Highland Vista,settlement,Principality of Shelk,Principality of Shelk,The Principalities,House Shelk,Northern Highlands,,source_supported_cartographic_supplement,source_supported_supplement,False,False,The Principality of internal_canon_record,1315.0,255.0,1315.0,255.0,0,0
127,Castle of Principal,settlement,Principality of Shelk,Principality of Shelk,The Principalities,House Shelk,Northern Highlands,,source_supported_cartographic_supplement,source_supported_supplement,False,False,The Principality of internal_canon_record,1620.0,258.0,1620.0,258.0,0,0
128,Frost Crypts,wilderness,Principality of Shelk,Principality of Shelk,The Principalities,House Shelk,Northern Frozen Quagmires,,source_supported_cartographic_supplement,source_supported_supplement,False,False,The Principality of internal_canon_record,1360.0,175.0,1360.0,175.0,0,0
129,Crimson Lotus Monastery,site,Principality of Shelk,Principality of Shelk,The Principalities,House Shelk,Radioactive Frigid Mutation Mountains,,source_supported_cartographic_supplement,source_supported_supplement,False,False,The Principality of internal_canon_record,1535.0,185.0,1535.0,185.0,0,0
130,Crystallized Ice Formations,macroregion,Principality of Shelk,Principality of Shelk,The Principalities,House Shelk,Crystallized Ice Formations,,source_supported_cartographic_supplement,source_supported_supplement,False,True,The Principality of internal_canon_record,1500.0,220.0,1500.0,220.0,0,0
131,Prism Spire,site,Principality of Shelk,Principality of Shelk,The Principalities,House Shelk,Crystallized Ice Formations,,source_supported_cartographic_supplement,source_supported_supplement,False,False,The Principality of internal_canon_record,1480.0,192.0,1480.0,192.0,0,0
132,Kune,settlement,Principality of Shelk,Principality of Shelk,The Principalities,House Shelk,Northern Roads Highland Corridor,,source_supported_cartographic_supplement,source_supported_supplement,False,False,The Principality of internal_canon_record,1298.0,402.0,1298.0,402.0,0,0
133,Orarith Sesa,settlement,Principality of Shelk,Principality of Shelk,The Principalities,House Shelk,Eastern Offshore Approaches,,source_supported_cartographic_supplement,source_supported_supplement,False,False,The Principality of internal_canon_record,1702.0,338.0,1682.0,342.0,0,0
134,Sunflower Fields,settlement,Principality of Shelk,Principality of Shelk,The Principalities,House Shelk,Central River Textile Band,,source_supported_cartographic_supplement,source_supported_supplement,False,False,The Principality of internal_canon_record,1382.0,472.0,1382.0,472.0,0,0
135,Welldress Citadel,settlement,Principality of Shelk,Principality of Shelk,The Principalities,House Shelk,Eastern Enchantment Belt,,source_supported_cartographic_supplement,source_supported_supplement,False,False,The Principality of internal_canon_record,1565.0,545.0,1565.0,545.0,0,0
136,Rivers and Streams,macroregion,Principality of Shelk,Principality of Shelk,The Principalities,House Shelk,Rivers and Streams,,source_supported_cartographic_supplement,source_supported_supplement,False,False,The Principality of internal_canon_record,1458.0,522.0,1444.0,503.0,0,0
137,Nymph’s Haven,site,Principality of Shelk,Principality of Shelk,The Principalities,House Shelk,Rivers and Streams,,source_supported_cartographic_supplement,source_supported_supplement,False,False,The Principality of internal_canon_record,1498.0,540.0,1493.0,569.0,0,0
138,Forested Groves,macroregion,Principality of Shelk,Principality of Shelk,The Principalities,House Shelk,Forested Groves,,source_supported_cartographic_supplement,source_supported_supplement,False,False,The Principality of internal_canon_record,1352.0,658.0,1352.0,658.0,0,0
139,Sylvan Sanctuary,site,Principality of Shelk,Principality of Shelk,The Principalities,House Shelk,Forested Groves,,source_supported_cartographic_supplement,source_supported_supplement,False,False,The Principality of internal_canon_record,1325.0,680.0,1325.0,680.0,0,0
140,Kyheri,settlement,Principality of Shelk,Principality of Shelk,The Principalities,House Shelk,Southern Riverlands,,source_supported_cartographic_supplement,source_supported_supplement,False,False,The Principality of internal_canon_record,1418.0,618.0,1415.0,617.0,0,0
141,Nynead Sen,settlement,Principality of Shelk,Principality of Shelk,The Principalities,House Shelk,Southern Lake Country,,source_supported_cartographic_supplement,source_supported_supplement,False,False,The Principality of internal_canon_record,1608.0,618.0,1608.0,618.0,0,0
142,Topaz Haven,settlement,Principality of Shelk,Principality of Shelk,The Principalities,House Shelk,Southern Lake Country,,source_supported_cartographic_supplement,source_supported_supplement,False,False,The Principality of internal_canon_record,1595.0,690.0,1595.0,690.0,0,0
143,Azure Haven,settlement,Principality of Shelk,Principality of Shelk,The Principalities,House Shelk,Brineland Coast,,source_supported_cartographic_supplement,source_supported_supplement,False,False,The Principality of internal_canon_record,1702.0,516.0,1706.0,487.0,0,0
144,Shadow’s Veil,settlement,Principality of Roaz,Principality of Roaz,The Principalities,House Roaz,Roaz Covert Belt,,source_supported_cartographic_supplement,source_supported_supplement,False,False,The internal_canon_record,1136.0,332.0,1150.0,344.0,0,0
145,Veilforged Bastion,site,Principality of Roaz,Principality of Roaz,The Principalities,House Roaz,Northern Roaz Frontier,,source_supported_cartographic_supplement,source_supported_supplement,False,False,The Principality of internal_canon_record,1240.0,250.0,1240.0,250.0,0,0
146,Lorith Fields,macroregion,Principality of Roaz,Principality of Roaz,The Principalities,House Roaz,Lorith Fields,,source_supported_cartographic_supplement,source_supported_supplement,False,False,Spacial and Seasonal for internal_canon_record,1182.0,516.0,1182.0,516.0,0,0
147,Zootian Expanse,macroregion,Principality of Zootia,Principality of Zootia,The Principalities,House Zootia,Zootian Expanse,,source_supported_cartographic_supplement,source_supported_supplement,False,False,The internal_canon_record,1270.0,502.0,1270.0,502.0,0,0
148,Woolridge,settlement,Principality of Zootia,Principality of Zootia,The Principalities,House Zootia,Zootian Expanse,,source_supported_cartographic_supplement,source_supported_supplement,False,False,The internal_canon_record,1325.0,456.0,1325.0,456.0,0,0
149,Harvest Haven,settlement,Principality of Zootia,Principality of Zootia,The Principalities,House Zootia,Zootian Expanse,,source_supported_cartographic_supplement,source_supported_supplement,False,False,The internal_canon_record,1236.0,572.0,1236.0,572.0,0,0
150,Quarry’s Edge,settlement,Principality of Zootia,Principality of Zootia,The Principalities,House Zootia,Zootian Expanse,,source_supported_cartographic_supplement,source_supported_supplement,False,False,The internal_canon_record,1188.0,480.0,1188.0,480.0,0,0
151,Luminary Outpost,settlement,House Shirsh,Principality of Shirsh,The Principalities,House Shirsh,Shirsh Observatory Belt,,source_supported_cartographic_supplement,source_supported_supplement,False,False,The internal_canon_record,1035.0,405.0,1067.0,450.0,0,0
152,Crystal Grove,settlement,House Shirsh,Principality of Shirsh,The Principalities,House Shirsh,Shirsh Grove Belt,,source_supported_cartographic_supplement,source_supported_supplement,False,False,The internal_canon_record,1115.0,565.0,1115.0,565.0,0,0
153,Mystique Haven,settlement,House Shirsh,Principality of Shirsh,The Principalities,House Shirsh,Subterranean Caves,,source_supported_cartographic_supplement,source_supported_supplement,False,False,The internal_canon_record,1080.0,612.0,1080.0,612.0,0,0
154,Sanctum Sands,settlement,House Panim,Principality of Panim,The Principalities,House Panim,Panim Coast,,source_supported_cartographic_supplement,source_supported_supplement,False,False,The internal_canon_record,1782.0,410.0,1724.0,457.0,0,0
155,Celestial Enclave,settlement,House Panim,Principality of Panim,The Principalities,House Panim,Panim Heights,,source_supported_cartographic_supplement,source_supported_supplement,False,False,The internal_canon_record,1748.0,274.0,1682.0,342.0,0,0
156,Elysian Grove,settlement,House Panim,Principality of Panim,The Principalities,House Panim,Panim Interior,,source_supported_cartographic_supplement,source_supported_supplement,False,False,The internal_canon_record,1732.0,540.0,1702.0,598.0,0,0
157,Bookhaven,settlement,House Mimolot,Principality of Mimolot,The Principalities,House Mimolot,Mimolot Knowledge Belt,,source_supported_cartographic_supplement,source_supported_supplement,False,False,The internal_canon_record,1450.0,674.0,1450.0,674.0,0,0
158,Arcane Aegis,settlement,House Mimolot,Principality of Mimolot,The Principalities,House Mimolot,Mimolot Defense Belt,,source_supported_cartographic_supplement,source_supported_supplement,False,False,The internal_canon_record,1410.0,620.0,1410.0,620.0,0,0
159,Crystal Quill,settlement,House Mimolot,Principality of Mimolot,The Principalities,House Mimolot,Mimolot Research Fringe,,source_supported_cartographic_supplement,source_supported_supplement,False,False,The internal_canon_record,1545.0,730.0,1545.0,730.0,0,0
160,Seaward Haven,settlement,House Cosmouth,Principality of Cosmouth,The Principalities,House Cosmouth,Cosmouth Coast,,source_supported_cartographic_supplement,source_supported_supplement,False,False,The internal_canon_record,1790.0,724.0,1769.0,714.0,0,0
161,Lirelith,settlement,House Cosmouth,Principality of Cosmouth,The Principalities,House Cosmouth,Cosmouth Coast,,source_supported_cartographic_supplement,source_supported_supplement,False,False,The internal_canon_record,1868.0,680.0,1778.0,679.0,0,0
162,Ocean’s Retreat,settlement,House Cosmouth,Principality of Cosmouth,The Principalities,House Cosmouth,Offshore Cosmouth Isles,,source_supported_cartographic_supplement,source_supported_supplement,False,False,The internal_canon_record,1848.0,614.0,1777.0,669.0,0,0
163,Stormwatch Bastion,settlement,Soreheim Alliance,Soreheim Alliance,Soreheim Alliance,,Eternal Lands,,source_supported_cartographic_supplement,source_supported_supplement,False,False,REVIEW_ The Soreheim internal_canon_record,600.0,122.0,601.0,112.0,0,0
164,Crimson Watchtower,site,Soreheim Alliance,Soreheim Alliance,Soreheim Alliance,,Eternal Lands,,source_supported_cartographic_supplement,source_supported_supplement,False,False,REVIEW_ The Soreheim internal_canon_record,470.0,202.0,470.0,202.0,0,0
165,Glacier’s Vein Outpost,settlement,Soreheim Alliance,Soreheim Alliance,Soreheim Alliance,,Eternal Lands,,source_supported_cartographic_supplement,source_supported_supplement,False,False,REVIEW_ The Soreheim internal_canon_record,670.0,234.0,689.0,227.0,0,0
166,Molten Span,site,Soreheim Alliance,Soreheim Alliance,Soreheim Alliance,,Eternal Lands,,source_supported_cartographic_supplement,source_supported_supplement,False,False,REVIEW_ The Soreheim internal_canon_record,520.0,272.0,520.0,272.0,0,0
167,Shrine of Ascension,site,Soreheim Alliance,Soreheim Alliance,Soreheim Alliance,,Eternal Lands,,source_supported_cartographic_supplement,source_supported_supplement,False,False,REVIEW_ The Soreheim internal_canon_record,610.0,286.0,606.0,290.0,0,0
168,Arcane Bastion,site,Soreheim Alliance,Soreheim Alliance,Soreheim Alliance,,Soreheim Proper,,source_supported_cartographic_supplement,source_supported_supplement,False,False,REVIEW_ The Soreheim internal_canon_record,160.0,245.0,160.0,245.0,0,0
169,Vault of Echoes,site,Soreheim Alliance,Soreheim Alliance,Soreheim Alliance,,Soreheim Proper,,source_supported_cartographic_supplement,source_supported_supplement,False,False,REVIEW_ The Soreheim internal_canon_record,120.0,205.0,132.0,227.0,0,0
170,Molten Mantle,site,Soreheim Alliance,Soreheim Alliance,Soreheim Alliance,,Soreheim Proper,,source_supported_cartographic_supplement,source_supported_supplement,False,False,Spacial and Seasonal for internal_canon_record,220.0,345.0,220.0,345.0,0,0
171,Ironroot Crossing,site,Soreheim Alliance,Soreheim Alliance,Soreheim Alliance,,Soreheim Proper,,source_supported_cartographic_supplement,source_supported_supplement,False,False,REVIEW_ The Soreheim internal_canon_record,310.0,515.0,310.0,515.0,0,1
172,Golden Horizon Fields,macroregion,Soreheim Alliance,Soreheim Alliance,Soreheim Alliance,,Eternal Lands,,source_supported_cartographic_supplement,source_supported_supplement,False,False,REVIEW_ The Soreheim internal_canon_record,500.0,622.0,500.0,622.0,0,0
173,Verdant Sanctuary,site,Soreheim Alliance,Soreheim Alliance,Soreheim Alliance,,Eternal Lands,,source_supported_cartographic_supplement,source_supported_supplement,False,False,REVIEW_ The Soreheim internal_canon_record,350.0,586.0,350.0,586.0,0,0
174,Glimmerroot Glade,site,Soreheim Alliance,Soreheim Alliance,Soreheim Alliance,,Eternal Lands,,source_supported_cartographic_supplement,source_supported_supplement,False,False,REVIEW_ The Soreheim internal_canon_record,302.0,644.0,302.0,644.0,0,0
175,Vanguard Keep,settlement,Soreheim Alliance,Soreheim Alliance,Soreheim Alliance,,Southern Unternal Frontier,,source_supported_cartographic_supplement,source_supported_supplement,False,False,REVIEW_ The Soreheim internal_canon_record,430.0,820.0,443.0,782.0,0,0
176,Inferno Cradle,macroregion,Psanan,Psanan,Psanan,,Inferno Cradle,,source_supported_cartographic_supplement,source_supported_supplement,False,True,Spacial and Seasonal for internal_canon_record,850.0,710.0,850.0,710.0,0,0
177,Cindermount,macroregion,Psanan,Psanan,Psanan,,Cindermount,,source_supported_cartographic_supplement,source_supported_supplement,False,True,Spacial and Seasonal for internal_canon_record,870.0,650.0,870.0,650.0,0,0
178,Yellow Mountain,wilderness,Psanan,Psanan,Psanan,,Yellow Mountain,,source_supported_cartographic_supplement,source_supported_supplement,False,True,Spacial and Seasonal for internal_canon_record,760.0,735.0,760.0,735.0,0,0
179,Radioactive Frigid Mutation Mountains,macroregion,Shelk–Sheresh frontier,Shelk–Sheresh frontier,Shelk–Sheresh frontier,,Radioactive Frigid Mutation Mountains,,user_clarified_cartographic_overlay,user_clarified_map_feature,False,True,User map clarification,1560.0,235.0,1560.0,235.0,0,0
180,Verdant Caves Access,site,Principality of Shelk,Principality of Shelk,The Principalities,House Shelk,Verdant Caves,Fairhaven,source_supported_cartographic_supplement,source_supported_supplement,False,False,"Cities, Towns, Outposts and Wilderness Points of Interest with Local internal_canon_record",1330.0,714.0,1330.0,714.0,0,0
181,Aurora Fountain,site,Principality of Shelk,Principality of Shelk,The Principalities,House Shelk,,Fairhaven,source_supported_cartographic_supplement,source_supported_supplement,False,False,"Cities, Towns, Outposts and Wilderness Points of Interest with Local internal_canon_record",1308.0,514.0,1308.0,514.0,0,0
182,Fairhaven Alchemy Shop,sublocation,Principality of Shelk,Principality of Shelk,The Principalities,House Shelk,,Fairhaven,source_supported_cartographic_supplement,source_supported_supplement,False,False,"Cities, Towns, Outposts and Wilderness Points of Interest with Local internal_canon_record",1262.0,536.0,1262.0,536.0,0,0
183,Harvest Hearth Tavern,sublocation,Principality of Shelk,Principality of Shelk,The Principalities,House Shelk,,Fairhaven,source_supported_cartographic_supplement,source_supported_supplement,False,False,"Cities, Towns, Outposts and Wilderness Points of Interest with Local internal_canon_record",1278.0,558.0,1278.0,558.0,0,0
184,The Silver Blade Armory,site,Principality of Shelk,Principality of Shelk,The Principalities,House Shelk,,Fairhaven,source_supported_cartographic_supplement,source_supported_supplement,False,False,"Cities, Towns, Outposts and Wilderness Points of Interest with Local internal_canon_record",1304.0,572.0,1304.0,572.0,0,0
185,Fairhaven School of Craft,site,Principality of Shelk,Principality of Shelk,The Principalities,House Shelk,,Fairhaven,source_supported_cartographic_supplement,source_supported_supplement,False,False,"Cities, Towns, Outposts and Wilderness Points of Interest with Local internal_canon_record",1256.0,590.0,1256.0,590.0,0,0
186,Watcher’s Perch,site,Principality of Shelk,Principality of Shelk,The Principalities,House Shelk,Meadow of Lyra,Fairhaven,source_supported_cartographic_supplement,source_supported_supplement,False,False,"Cities, Towns, Outposts and Wilderness Points of Interest with Local internal_canon_record",1350.0,560.0,1350.0,560.0,0,0
187,Resting Plume Tavern,sublocation,Principality of Shelk,Principality of Shelk,The Principalities,House Shelk,,Plume’s End Outpost,source_supported_cartographic_supplement,source_supported_supplement,False,False,"Cities, Towns, Outposts and Wilderness Points of Interest with Local internal_canon_record",1395.0,300.0,1395.0,300.0,0,0
188,Plume’s End Outpost Armory,site,Principality of Shelk,Principality of Shelk,The Principalities,House Shelk,,Plume’s End Outpost,source_supported_cartographic_supplement,source_supported_supplement,False,False,"Cities, Towns, Outposts and Wilderness Points of Interest with Local internal_canon_record",1425.0,338.0,1425.0,338.0,0,0
189,Merchant’s Waystation,site,Principality of Shelk,Principality of Shelk,The Principalities,House Shelk,,Plume’s End Outpost,source_supported_cartographic_supplement,source_supported_supplement,False,False,"Cities, Towns, Outposts and Wilderness Points of Interest with Local internal_canon_record",1372.0,322.0,1372.0,322.0,0,0
190,Shrine of Cysur,site,Principality of Shelk,Principality of Shelk,The Principalities,House Shelk,,Plume’s End Outpost,source_supported_cartographic_supplement,source_supported_supplement,False,False,"Cities, Towns, Outposts and Wilderness Points of Interest with Local internal_canon_record",1448.0,334.0,1448.0,334.0,0,0
191,Emberforge Depot,site,Principality of Shelk,Principality of Shelk,The Principalities,House Shelk,,Emberforge Outpost,source_supported_cartographic_supplement,source_supported_supplement,False,False,"Cities, Towns, Outposts and Wilderness Points of Interest with Local internal_canon_record",1606.0,290.0,1606.0,290.0,0,0
192,Roadwarden Barracks,site,Principality of Shelk,Principality of Shelk,The Principalities,House Shelk,,Emberforge Outpost,source_supported_cartographic_supplement,source_supported_supplement,False,False,"Cities, Towns, Outposts and Wilderness Points of Interest with Local internal_canon_record",1616.0,302.0,1607.0,302.0,0,0
193,Iron Beacon Shrine,site,Principality of Shelk,Principality of Shelk,The Principalities,House Shelk,,Emberforge Outpost,source_supported_cartographic_supplement,source_supported_supplement,False,False,"Cities, Towns, Outposts and Wilderness Points of Interest with Local internal_canon_record",1578.0,314.0,1578.0,314.0,0,0
194,Emberforge Market Crossroads,site,Principality of Shelk,Principality of Shelk,The Principalities,House Shelk,,Emberforge Outpost,source_supported_cartographic_supplement,source_supported_supplement,False,False,"Cities, Towns, Outposts and Wilderness Points of Interest with Local internal_canon_record",1588.0,332.0,1595.0,335.0,0,0
195,Glyph-Engraved Monolith,site,Principality of Shelk,Principality of Shelk,The Principalities,House Shelk,Verdant Caves,,source_supported_cartographic_supplement,source_supported_supplement,False,False,"Cities, Towns, Outposts and Wilderness Points of Interest with Local internal_canon_record",1358.0,748.0,1357.0,747.0,0,0
196,Rolling Plains,macroregion,Principality of Shelk,Principality of Shelk,The Principalities,House Shelk,Rolling Plains,,source_supported_cartographic_supplement,source_supported_supplement,False,False,"Cities, Towns, Outposts and Wilderness Points of Interest with Local internal_canon_record",1290.0,548.0,1290.0,548.0,0,0
197,Silverpetal Highlands,macroregion,Principality of Shelk,Principality of Shelk,The Principalities,House Shelk,Silverpetal Highlands,,source_supported_cartographic_supplement,source_supported_supplement,False,False,Spacial and Seasonal for internal_canon_record,1555.0,302.0,1555.0,302.0,0,0
198,Painted Highlands,macroregion,Principality of Shelk,Principality of Shelk,The Principalities,House Shelk,Painted Highlands,,source_supported_cartographic_supplement,source_supported_supplement,False,False,Spacial and Seasonal for internal_canon_record,1605.0,392.0,1605.0,393.0,0,0
199,Goldriver Delta,macroregion,Principality of Zootia,Principality of Zootia,The Principalities,House Zootia,Goldriver Delta,,source_supported_cartographic_supplement,source_supported_supplement,False,False,Spacial and Seasonal for internal_canon_record,1288.0,548.0,1288.0,548.0,0,0
200,Harvest Keep,settlement,Principality of Zootia,Principality of Zootia,The Principalities,House Zootia,Goldriver Delta,Harvest Keep,source_supported_cartographic_supplement,source_supported_supplement,False,False,Spacial and Seasonal for internal_canon_record,1270.0,548.0,1270.0,548.0,0,0
201,Sunspire Orchards,site,Principality of Zootia,Principality of Zootia,The Principalities,House Zootia,Goldriver Delta,Harvest Keep,source_supported_cartographic_supplement,source_supported_supplement,False,False,Spacial and Seasonal for internal_canon_record,1325.0,585.0,1325.0,585.0,0,0
202,Union Spire,site,The Union,The Union,The Principalities,,,Guildheart Hub,source_supported_cartographic_supplement,source_supported_supplement,False,False,Spacial and Seasonal for internal_canon_record,1385.0,690.0,1385.0,690.0,0,0
203,Elderriver Forest,macroregion,The Union,The Union,The Principalities,,Elderriver Forest,,source_supported_cartographic_supplement,source_supported_supplement,False,False,Spacial and Seasonal for internal_canon_record,1290.0,765.0,1298.0,758.0,0,0
204,Trademoot Pavilion,site,The Union,The Union,The Principalities,,,Guildheart Hub,source_supported_cartographic_supplement,source_supported_supplement,False,False,Spacial and Seasonal for internal_canon_record,1338.0,712.0,1338.0,712.0,0,0
205,Coralhaven Port,site,House Cosmouth,Principality of Cosmouth,The Principalities,House Cosmouth,,Seaward Haven,source_supported_cartographic_supplement,source_supported_supplement,False,False,Spacial and Seasonal for internal_canon_record,1750.0,690.0,1750.0,690.0,0,0
206,Azure Shores,macroregion,House Cosmouth,Principality of Cosmouth,The Principalities,House Cosmouth,Azure Shores,,source_supported_cartographic_supplement,source_supported_supplement,False,False,Spacial and Seasonal for internal_canon_record,1768.0,640.0,1767.0,660.0,0,0
207,Icefang Archipelago,macroregion,Sheresh Communes,Sheresh Communes,Sheresh Communes,,Edict Ocean,,source_supported_cartographic_supplement,source_supported_supplement,True,False,Spacial and Seasonal for internal_canon_record,1470.0,120.0,1470.0,120.0,0,0
208,Whispering Depths,wilderness,Sheresh Communes,Sheresh Communes,Sheresh Communes,,Edict Ocean,,source_supported_cartographic_supplement,source_supported_supplement,True,False,Spacial and Seasonal for internal_canon_record,1080.0,280.0,1080.0,280.0,0,0
209,Stormcaller’s Reach,site,Principality of Roaz,Principality of Roaz,The Principalities,House Roaz,North Swirling Sea,Silent Haven,source_supported_cartographic_supplement,source_supported_supplement,False,False,Spacial and Seasonal for internal_canon_record,1260.0,248.0,1260.0,248.0,0,0
210,Seafang Cradle,wilderness,Between Roaz and Sheresh,Between Roaz and Sheresh,Between Roaz and Sheresh,,North Swirling Sea,,source_supported_cartographic_supplement,source_supported_supplement,True,False,Spacial and Seasonal for internal_canon_record,1295.0,192.0,1295.0,192.0,0,0
211,Glowroot Swamp,macroregion,Soreheim Alliance,Soreheim Alliance,Soreheim Alliance,,Glowroot Swamp,,source_supported_cartographic_supplement,source_supported_supplement,False,False,Spacial and Seasonal for internal_canon_record,520.0,865.0,484.0,782.0,0,0
212,Amber Tides River,macroregion,Soreheim Alliance,Soreheim Alliance,Soreheim Alliance,,Amber Tides River,,source_supported_cartographic_supplement,source_supported_supplement,False,False,Spacial and Seasonal for internal_canon_record,620.0,842.0,698.0,857.0,0,2
213,Hurricane’s Eye,wilderness,South sea system,South sea system,South sea system,,South Swirling Sea,,source_supported_cartographic_supplement,source_supported_supplement,True,False,Spacial and Seasonal for internal_canon_record,1090.0,792.0,1090.0,792.0,0,0
214,Seamaster’s Refuge,site,South sea system,South sea system,South sea system,,South Swirling Sea,,source_supported_cartographic_supplement,source_supported_supplement,True,False,Spacial and Seasonal for internal_canon_record,960.0,838.0,960.0,838.0,0,0
215,Loomrest Crossing,settlement,Principality of Shelk,Principality of Shelk,The Principalities,House Shelk,Rolling Plains,Loomrest Crossing,conservative_inference,density_balancing_extrapolation,False,False,V30 + project source density balancing pass,1355.0,455.0,1355.0,455.0,0,0
216,Gildmere,settlement,Principality of Shelk,Principality of Shelk,The Principalities,House Shelk,Rivers and Streams,Gildmere,conservative_inference,density_balancing_extrapolation,False,False,V30 + project source density balancing pass,1298.0,650.0,1298.0,650.0,0,0
217,Ribbonfall,settlement,Principality of Shelk,Principality of Shelk,The Principalities,House Shelk,Forested Groves,Ribbonfall,conservative_inference,density_balancing_extrapolation,False,False,V30 + project source density balancing pass,1470.0,748.0,1468.0,746.0,0,0
218,Eastveil Quay,settlement,Principality of Shelk,Principality of Shelk,The Principalities,House Shelk,Rivers and Streams,Eastveil Quay,conservative_inference,density_balancing_extrapolation,False,False,V30 + project source density balancing pass,1650.0,454.0,1650.0,454.0,0,0
219,Quarrymarch,settlement,Principality of Roaz,Principality of Roaz,The Principalities,House Roaz,Lorith Fields,Quarrymarch,conservative_inference,density_balancing_extrapolation,False,False,V30 + project source density balancing pass,1215.0,452.0,1215.0,452.0,0,0
220,Ledger’s Rest,settlement,The Union,The Union,The Principalities,,Elderriver Forest,Ledger’s Rest,conservative_inference,density_balancing_extrapolation,False,False,V30 + project source density balancing pass,1315.0,730.0,1315.0,730.0,0,0
221,Grainhook,settlement,Principality of Zootia,Principality of Zootia,The Principalities,House Zootia,Goldriver Delta,Grainhook,conservative_inference,density_balancing_extrapolation,False,False,V30 + project source density balancing pass,1308.0,610.0,1308.0,610.0,0,0
222,Reedbarrow,settlement,Principality of Zootia,Principality of Zootia,The Principalities,House Zootia,Goldriver Delta,Reedbarrow,conservative_inference,density_balancing_extrapolation,False,False,V30 + project source density balancing pass,1198.0,548.0,1198.0,548.0,0,0
223,Lantern Reach,settlement,House Shirsh,Principality of Shirsh,The Principalities,House Shirsh,,Lantern Reach,conservative_inference,density_balancing_extrapolation,False,False,V30 + project source density balancing pass,1048.0,520.0,1048.0,520.0,0,0
224,Binder’s Gate,settlement,House Mimolot,Principality of Mimolot,The Principalities,House Mimolot,,Binder’s Gate,conservative_inference,density_balancing_extrapolation,False,False,V30 + project source density balancing pass,1456.0,736.0,1456.0,736.0,0,0
225,Last Candle,settlement,House Panim,Principality of Panim,The Principalities,House Panim,,Last Candle,conservative_inference,density_balancing_extrapolation,False,False,V30 + project source density balancing pass,1688.0,350.0,1682.0,351.0,0,0
226,Breakwater Quay,settlement,House Cosmouth,Principality of Cosmouth,The Principalities,House Cosmouth,Azure Shores,Breakwater Quay,conservative_inference,density_balancing_extrapolation,False,False,V30 + project source density balancing pass,1728.0,710.0,1728.0,710.0,0,0
227,Railshadow Encampment,settlement,Soreheim Alliance,Soreheim Alliance,Soreheim Alliance,,Eternal Lands,Railshadow Encampment,conservative_inference,density_balancing_extrapolation,False,False,V30 + project source density balancing pass,405.0,220.0,405.0,220.0,0,0
228,Southglass Crossing,settlement,Soreheim Alliance,Soreheim Alliance,Soreheim Alliance,,Glowroot Swamp,Southglass Crossing,conservative_inference,density_balancing_extrapolation,False,False,V30 + project source density balancing pass,512.0,756.0,493.0,768.0,0,0
229,Sulfurglass Anchorage,settlement,Psanan,Psanan,Psanan,,Inferno Cradle,Sulfurglass Anchorage,conservative_inference,density_balancing_extrapolation,False,False,V30 + project source density balancing pass,930.0,840.0,855.0,812.0,0,0
230,Hearthash Terrace,settlement,Psanan,Psanan,Psanan,,Scarlet Depths,Hearthash Terrace,conservative_inference,density_balancing_extrapolation,False,False,V30 + project source density balancing pass,760.0,820.0,760.0,820.0,0,0
231,Blackwake Terrace,settlement,Psanan,Psanan,Psanan,,Scarlet Depths,Blackwake Terrace,conservative_inference,density_balancing_extrapolation,False,False,V30 + project source density balancing pass,850.0,810.0,850.0,810.0,0,0
232,Northglass Commune,settlement,Sheresh Communes,Sheresh Communes,Sheresh Communes,,,Northglass Commune,conservative_inference,density_balancing_extrapolation,False,False,V30 + project source density balancing pass,1741.0,106.0,1741.0,106.0,0,0
233,Frostweave Commune,settlement,Sheresh Communes,Sheresh Communes,Sheresh Communes,,,Frostweave Commune,conservative_inference,density_balancing_extrapolation,False,False,V30 + project source density balancing pass,1450.0,132.0,1450.0,132.0,0,0
234,Echoing Abyss,wilderness,The Principalities,The Principalities,The Principalities,,Verdant Caves,,conservative_inference,source_supported_supplement,False,False,Dedicated regional/locality source alignment,1410.0,792.0,1419.0,763.0,0,0
235,Centaur’s Watch,site,Principality of Shelk,Principality of Shelk,The Principalities,House Shelk,Rolling Plains,,conservative_inference,source_supported_supplement,False,False,Dedicated regional/locality source alignment,1252.0,586.0,1254.0,585.0,0,0
236,Ashveil Quay,settlement,Psanan,Psanan,Psanan,,,,conservative_inference,v28_8_repo_completion,False,False,Completeness and cartographic cleanup pass,940.0,820.0,857.0,802.0,0,0
237,Aurora Meadows Domeway,macroregion,Sheresh Communes,Sheresh Communes,Sheresh Communes,,Aurora Meadows,,conservative_inference,v28_8_repo_completion,False,False,Completeness and cartographic cleanup pass,1500.0,182.0,1500.0,182.0,0,1
238,Blackglass Hold,settlement,Psanan,Psanan,Psanan,,Volcanic Island Core,,conservative_inference,v28_8_repo_completion,False,False,Completeness and cartographic cleanup pass,785.0,705.0,794.0,734.0,0,0
239,Blueglass Gate,site,Sheresh Communes,Sheresh Communes,Sheresh Communes,,,,conservative_inference,v28_8_repo_completion,False,False,Completeness and cartographic cleanup pass,1688.0,165.0,1667.0,198.0,0,0
240,Cindergrain Basin,site,Soreheim Alliance,Soreheim Alliance,Soreheim Alliance,,Eternal Lands,,conservative_inference,v28_8_repo_completion,False,False,Completeness and cartographic cleanup pass,540.0,670.0,540.0,670.0,0,0
241,Cinderwake Watch,site,Psanan,Psanan,Psanan,,,,conservative_inference,v28_8_repo_completion,False,False,Completeness and cartographic cleanup pass,895.0,720.0,882.0,660.0,0,0
242,Crystalline Vault Commune,settlement,Sheresh Communes,Sheresh Communes,Sheresh Communes,,,,conservative_inference,v28_8_repo_completion,False,False,Completeness and cartographic cleanup pass,1565.0,138.0,1565.0,138.0,0,0
243,Emberwake Port,settlement,Psanan,Psanan,Psanan,,,,conservative_inference,v28_8_repo_completion,False,False,Completeness and cartographic cleanup pass,950.0,772.0,857.0,800.0,0,0
244,Frostglass Commune,settlement,Sheresh Communes,Sheresh Communes,Sheresh Communes,,,,conservative_inference,v28_8_repo_completion,False,False,Completeness and cartographic cleanup pass,1450.0,110.0,1450.0,110.0,0,0
245,Frostmantle Works,site,Soreheim Alliance,Soreheim Alliance,Soreheim Alliance,,Eternal Lands,,conservative_inference,v28_8_repo_completion,False,False,Completeness and cartographic cleanup pass,470.0,185.0,470.0,185.0,0,0
246,Furnace Spine,site,Psanan,Psanan,Psanan,,Volcanic Island Core,,conservative_inference,v28_8_repo_completion,False,False,Completeness and cartographic cleanup pass,860.0,690.0,861.0,661.0,0,0
247,Glasshush Reactor Ward,site,Sheresh Communes,Sheresh Communes,Sheresh Communes,,,,conservative_inference,v28_8_repo_completion,False,False,Completeness and cartographic cleanup pass,1608.0,150.0,1608.0,150.0,0,0
248,Hollow Aurora Commune,settlement,Sheresh Communes,Sheresh Communes,Sheresh Communes,,Aurora Meadows,,conservative_inference,v28_8_repo_completion,False,False,Completeness and cartographic cleanup pass,1490.0,208.0,1490.0,208.0,0,0
249,Northcoil Archive Commune,settlement,Sheresh Communes,Sheresh Communes,Sheresh Communes,,,,conservative_inference,v28_8_repo_completion,False,False,Completeness and cartographic cleanup pass,1715.0,118.0,1692.0,121.0,0,0
250,Oathforge Gate,site,Soreheim Alliance,Soreheim Alliance,Soreheim Alliance,,Eternal Lands,,conservative_inference,v28_8_repo_completion,False,False,Completeness and cartographic cleanup pass,250.0,305.0,250.0,305.0,0,0
251,Quarrylight Span,site,Soreheim Alliance,Soreheim Alliance,Soreheim Alliance,,Eternal Lands,,conservative_inference,v28_8_repo_completion,False,False,Completeness and cartographic cleanup pass,440.0,330.0,440.0,330.0,0,0
252,Redglass Stairs,site,Psanan,Psanan,Psanan,,Volcanic Underdepths,,conservative_inference,v28_8_repo_completion,False,False,Completeness and cartographic cleanup pass,805.0,790.0,809.0,792.0,0,0
253,Slagmere Steps,site,Psanan,Psanan,Psanan,,Volcanic Underdepths,,conservative_inference,v28_8_repo_completion,False,False,Completeness and cartographic cleanup pass,788.0,845.0,788.0,845.0,0,0
254,Snowthread Basin,site,Sheresh Communes,Sheresh Communes,Sheresh Communes,,,,conservative_inference,v28_8_repo_completion,False,False,Completeness and cartographic cleanup pass,1410.0,170.0,1410.0,170.0,0,0
255,Stoneplow Reach,site,Soreheim Alliance,Soreheim Alliance,Soreheim Alliance,,Eternal Lands,,conservative_inference,v28_8_repo_completion,False,False,Completeness and cartographic cleanup pass,300.0,675.0,300.0,675.0,0,0
256,Titan Towers,site,Soreheim Alliance,Soreheim Alliance,Soreheim Alliance,,Soreheim Proper,,reconciled_canon,v28_8_repo_completion,False,False,Completeness and cartographic cleanup pass,215.0,290.0,215.0,290.0,0,0
257,Titan’s Relay,site,Soreheim Alliance,Soreheim Alliance,Soreheim Alliance,,Soreheim Proper,,conservative_inference,v28_8_repo_completion,False,False,Completeness and cartographic cleanup pass,272.0,336.0,272.0,336.0,0,0
258,Whiteveil Domeway,site,Sheresh Communes,Sheresh Communes,Sheresh Communes,,,,conservative_inference,v28_8_repo_completion,False,False,Completeness and cartographic cleanup pass,1638.0,180.0,1636.0,183.0,0,0
259,Emperor’s Throne,site,Principality of Shelk,Principality of Shelk,The Principalities,House Shelk,Silverpetal Highlands,,source_supported_cartographic_supplement,source_supported_supplement,False,False,Completeness and cartographic cleanup pass,1645.0,220.0,1644.0,220.0,0,0
260,Venonenas,settlement,Principality of Roaz,Principality of Roaz,The Principalities,House Roaz,,,source_supported_cartographic_supplement,source_supported_supplement,False,False,Completeness and cartographic cleanup pass,1170.0,285.0,1166.0,272.0,0,0
261,Asethilha,settlement,Principality of Roaz,Principality of Roaz,The Principalities,House Roaz,,,source_supported_cartographic_supplement,source_supported_supplement,False,False,Completeness and cartographic cleanup pass,1095.0,350.0,1119.0,379.0,0,0
262,Nathyr,settlement,Principality of Roaz,Principality of Roaz,The Principalities,House Roaz,,,source_supported_cartographic_supplement,source_supported_supplement,False,False,Completeness and cartographic cleanup pass,1078.0,385.0,1088.0,404.0,0,0
263,Felssad-Sin,settlement,Principality of Roaz,Principality of Roaz,The Principalities,House Roaz,,,source_supported_cartographic_supplement,source_supported_supplement,False,False,Completeness and cartographic cleanup pass,1215.0,342.0,1215.0,342.0,0,0
264,Niriathond,settlement,Principality of Roaz,Principality of Roaz,The Principalities,House Roaz,,,source_supported_cartographic_supplement,source_supported_supplement,False,False,Completeness and cartographic cleanup pass,1110.0,435.0,1110.0,435.0,0,0
265,Brisenona,settlement,Principality of Roaz,Principality of Roaz,The Principalities,House Roaz,,,source_supported_cartographic_supplement,source_supported_supplement,False,False,Completeness and cartographic cleanup pass,1150.0,470.0,1150.0,470.0,0,0
266,Lylathsalean,settlement,Principality of Roaz,Principality of Roaz,The Principalities,House Roaz,,,source_supported_cartographic_supplement,source_supported_supplement,False,False,Completeness and cartographic cleanup pass,1070.0,500.0,1070.0,500.0,0,0
267,Linenas,settlement,Principality of Roaz,Principality of Roaz,The Principalities,House Roaz,,,source_supported_cartographic_supplement,source_supported_supplement,False,False,Completeness and cartographic cleanup pass,1235.0,480.0,1235.0,480.0,0,0
268,Donarius,settlement,Principality of Roaz,Principality of Roaz,The Principalities,House Roaz,,,source_supported_cartographic_supplement,source_supported_supplement,False,False,Completeness and cartographic cleanup pass,1185.0,520.0,1185.0,520.0,0,0
269,Oralas,settlement,Principality of Roaz,Principality of Roaz,The Principalities,House Roaz,,,source_supported_cartographic_supplement,source_supported_supplement,False,False,Completeness and cartographic cleanup pass,1245.0,405.0,1245.0,405.0,0,0
270,Aleannocrin,settlement,House Shirsh,Principality of Shirsh,The Principalities,House Shirsh,,,source_supported_cartographic_supplement,source_supported_supplement,False,False,Completeness and cartographic cleanup pass,1010.0,470.0,996.0,470.0,0,0
271,Innsshanamel,settlement,House Shirsh,Principality of Shirsh,The Principalities,House Shirsh,,,source_supported_cartographic_supplement,source_supported_supplement,False,False,Completeness and cartographic cleanup pass,980.0,550.0,980.0,550.0,0,0
272,North Wilds,macroregion,Soreheim Alliance,Soreheim Alliance,Soreheim Alliance,,Eternal Lands,,source_supported_cartographic_supplement,source_supported_supplement,False,False,Completeness and cartographic cleanup pass,610.0,160.0,651.0,133.0,0,0
273,South Wilds,macroregion,Soreheim Alliance,Soreheim Alliance,Soreheim Alliance,,Eternal Lands,,source_supported_cartographic_supplement,source_supported_supplement,False,False,Completeness and cartographic cleanup pass,390.0,410.0,390.0,410.0,0,0
274,Ashstone Peaks,macroregion,Soreheim Alliance,Soreheim Alliance,Soreheim Alliance,,Eternal Lands,,source_supported_cartographic_supplement,source_supported_supplement,False,False,Completeness and cartographic cleanup pass,505.0,170.0,506.0,169.0,0,0
275,Obsidian Bastion,site,Soreheim Alliance,Soreheim Alliance,Soreheim Alliance,,Eternal Lands,,source_supported_cartographic_supplement,source_supported_supplement,False,False,Completeness and cartographic cleanup pass,560.0,215.0,560.0,232.0,0,0
276,Soreheim Throne Room,site,Soreheim Alliance,Soreheim Alliance,Soreheim Alliance,,Soreheim Proper,,source_supported_cartographic_supplement,source_supported_supplement,False,False,Completeness and cartographic cleanup pass,200.0,285.0,200.0,285.0,0,0
277,North Shore,macroregion,Soreheim Alliance,Soreheim Alliance,Soreheim Alliance,,Eternal Lands,,source_supported_cartographic_supplement,source_supported_supplement,False,False,Completeness and cartographic cleanup pass,250.0,620.0,250.0,630.0,0,0
278,South Shore,macroregion,Soreheim Alliance,Soreheim Alliance,Soreheim Alliance,,Eternal Lands,,source_supported_cartographic_supplement,source_supported_supplement,False,False,Completeness and cartographic cleanup pass,315.0,790.0,310.0,759.0,0,0
279,Golden Sands,macroregion,Soreheim Alliance,Soreheim Alliance,Soreheim Alliance,,Eternal Lands,,source_supported_cartographic_supplement,source_supported_supplement,False,False,Completeness and cartographic cleanup pass,535.0,790.0,543.0,757.0,0,0
280,Glowwood Depths,macroregion,Soreheim Alliance,Soreheim Alliance,Soreheim Alliance,,Eternal Lands,,source_supported_cartographic_supplement,source_supported_supplement,False,False,Completeness and cartographic cleanup pass,665.0,760.0,653.0,756.0,0,0
281,Echoing Grottos,wilderness,Soreheim Alliance,Soreheim Alliance,Soreheim Alliance,,Eternal Lands,,source_supported_cartographic_supplement,source_supported_supplement,False,False,Completeness and cartographic cleanup pass,640.0,735.0,640.0,735.0,0,0
282,Howling Expanse,macroregion,Soreheim Alliance,Soreheim Alliance,Soreheim Alliance,,Eternal Lands,,source_supported_cartographic_supplement,source_supported_supplement,False,False,Completeness and cartographic cleanup pass,710.0,800.0,712.0,801.0,0,0
283,Forgeheart Citadel,site,Soreheim Alliance,Soreheim Alliance,Soreheim Alliance,,Soreheim Proper,,source_supported_cartographic_supplement,source_supported_supplement,False,False,Completeness and cartographic cleanup pass,235.0,310.0,235.0,310.0,0,0
284,Frozen Tundra,macroregion,Sheresh Communes,Sheresh Communes,Sheresh Communes,,,,source_supported_cartographic_supplement,source_supported_supplement,False,False,Completeness and cartographic cleanup pass,1820.0,175.0,1820.0,139.0,0,0
285,Rocky Cliffs and Beaches,macroregion,The Principalities,The Principalities,The Principalities,,,,source_supported_cartographic_supplement,source_supported_supplement,False,False,Completeness and cartographic cleanup pass,995.0,640.0,995.0,640.0,0,0
286,Soft Sand Beaches,macroregion,The Principalities,The Principalities,The Principalities,,,,source_supported_cartographic_supplement,source_supported_supplement,False,False,Completeness and cartographic cleanup pass,1830.0,565.0,1769.0,661.0,0,0
287,Obsidian Hall,site,Psanan,Psanan,Psanan,,Inferno Cradle,,source_supported_cartographic_supplement,source_supported_supplement,False,False,Completeness and cartographic cleanup pass,850.0,730.0,820.0,746.0,0,0